{"args": {"seed": 0, "name": "2_conv3_lambda1_gamma40", "cuda": true, "max_iter": 300000.0, "batch_size": 64, "z_dim": 32, "gamma": 40.0, "lr_VAE": 0.0001, "beta1_VAE": 0.9, "beta2_VAE": 0.999, "lr_D": 0.0001, "beta1_D": 0.5, "beta2_D": 0.9, "ad_loss": true, "target_layer": "4", "lamb": 1, "L": 100, "vote_count": 800, "dis_score": true, "dset_dir": "data", "dataset": "dsprites", "image_size": 64, "num_workers": 2, "viz_on": false, "viz_port": 8097, "viz_ll_iter": 1000, "viz_la_iter": 5000, "viz_ra_iter": 10000, "viz_ta_iter": 10000, "print_iter": 10000, "ckpt_dir": "checkpoints", "ckpt_load": null, "ckpt_save_iter": 300002, "output_dir": "outputs", "output_save": true, "vars_dir": "vars", "vars_save": true}, "outputs": {"vae_recon_loss": [106.70540618896484, 89.02446746826172, 82.26603698730469, 61.46265411376953, 58.70626449584961, 53.5504150390625, 54.22089767456055, 52.68212890625, 50.021549224853516, 52.485984802246094, 49.858985900878906, 50.810672760009766, 42.700653076171875, 46.40838623046875, 40.474525451660156, 40.301490783691406, 37.736488342285156, 44.047447204589844, 42.168548583984375, 45.497764587402344, 36.61228942871094, 41.14588165283203, 43.550140380859375, 37.62456512451172, 41.92451477050781, 38.476806640625, 34.59648513793945, 39.681846618652344, 37.60346603393555, 34.09564208984375], "vae_kld": [17.82330322265625, 12.938095092773438, 22.09099769592285, 17.01496696472168, 17.754465103149414, 16.04246711730957, 17.740478515625, 16.547470092773438, 17.471281051635742, 19.079059600830078, 17.73831558227539, 19.810209274291992, 17.949573516845703, 16.84320068359375, 18.21981430053711, 17.9250431060791, 17.65373420715332, 18.826858520507812, 18.124513626098633, 18.203144073486328, 18.60331916809082, 18.562171936035156, 18.538856506347656, 18.56031608581543, 18.929546356201172, 19.238956451416016, 18.457191467285156, 18.64398956298828, 19.410320281982422, 19.519786834716797], "vae_tc_loss": [0.06538436561822891, -0.0009825709275901318, 0.04070808365941048, 0.06053314730525017, 0.1801064908504486, 0.206796333193779, 0.09716504067182541, 0.129717618227005, 0.1454763561487198, 0.037139713764190674, 0.07705061882734299, 0.1948356330394745, 0.21800152957439423, 0.09692980349063873, 0.15535706281661987, 0.11507658660411835, 0.19030161201953888, 0.08863729983568192, 0.1339784413576126, 0.11661675572395325, 0.07188815623521805, 0.06351993978023529, -0.00385843962430954, -0.022055676206946373, 0.15338438749313354, 0.22417135536670685, 0.019293976947665215, 0.06277133524417877, 0.10211692750453949, 0.04759608581662178], "D_tc_loss": [0.6717832088470459, 0.6955238580703735, 0.6712098121643066, 0.667189359664917, 0.6594489812850952, 0.6554936170578003, 0.6869463920593262, 0.6877001523971558, 0.6766754388809204, 0.659446120262146, 0.6873764991760254, 0.6710314750671387, 0.6521363854408264, 0.675746500492096, 0.6518294811248779, 0.681318998336792, 0.629400372505188, 0.6432420015335083, 0.6415344476699829, 0.6561949253082275, 0.6621436476707458, 0.6689178943634033, 0.6944237351417542, 0.6943244338035583, 0.6599380373954773, 0.6672223210334778, 0.6932830810546875, 0.6675149202346802, 0.6458576917648315, 0.6783338785171509], "ad_loss": [0.0072287386283278465, 0.011286372318863869, 0.007014914881438017, 0.011528991162776947, 0.0069611649960279465, 0.010093048214912415, 0.001266362494789064, 0.007553227711468935, 0.008870265446603298, 0.005907603073865175, 0.008427649736404419, 0.009695123881101608, 0.007080988492816687, 0.008185216225683689, 0.007037504110485315, 0.00043830295908264816, 0.0006341420230455697, 0.0031580340582877398, 0.015625, 0.001772910705767572, 0.0011407070560380816, 0.0008184263133443892, 0.0017433572793379426, 0.0010122491512447596, 0.012208512052893639, 0.011230460368096828, 0.003925064112991095, 0.01201737578958273, 0.0024671105202287436, 0.006885539274662733], "dis_score": [0.5824999809265137, 0.7162500023841858, 0.7574999928474426, 0.7712500095367432, 0.7875000238418579, 0.8012499809265137, 0.8025000095367432, 0.7837499976158142, 0.7975000143051147, 0.8199999928474426, 0.8237500190734863, 0.8087499737739563, 0.8062499761581421, 0.8199999928474426, 0.8137500286102295, 0.8299999833106995, 0.8262500166893005, 0.8299999833106995, 0.8012499809265137, 0.824999988079071, 0.824999988079071, 0.8162500262260437, 0.8324999809265137, 0.7950000166893005, 0.8374999761581421, 0.8212500214576721, 0.8237500190734863, 0.8149999976158142, 0.8212500214576721, 0.8262500166893005], "iteration": [10000, 20000, 30000, 40000, 50000, 60000, 70000, 80000, 90000, 100000, 110000, 120000, 130000, 140000, 150000, 160000, 170000, 180000, 190000, 200000, 210000, 220000, 230000, 240000, 250000, 260000, 270000, 280000, 290000, 300000]}}