{"args": {"seed": 1, "name": "2_conv3_lambda1_gamma40", "cuda": true, "max_iter": 300000.0, "batch_size": 64, "z_dim": 32, "gamma": 40.0, "lr_VAE": 0.0001, "beta1_VAE": 0.9, "beta2_VAE": 0.999, "lr_D": 0.0001, "beta1_D": 0.5, "beta2_D": 0.9, "ad_loss": true, "target_layer": "4", "lamb": 1, "L": 100, "vote_count": 800, "dis_score": true, "dset_dir": "data", "dataset": "dsprites", "image_size": 64, "num_workers": 2, "viz_on": false, "viz_port": 8097, "viz_ll_iter": 1000, "viz_la_iter": 5000, "viz_ra_iter": 10000, "viz_ta_iter": 10000, "print_iter": 10000, "ckpt_dir": "checkpoints", "ckpt_load": null, "ckpt_save_iter": 300002, "output_dir": "outputs", "output_save": true, "vars_dir": "vars", "vars_save": true}, "outputs": {"vae_recon_loss": [120.88876342773438, 110.76498413085938, 82.9237060546875, 66.88846588134766, 72.91114807128906, 68.72564697265625, 60.9984130859375, 52.92100524902344, 58.568511962890625, 54.34687805175781, 55.199859619140625, 54.68305206298828, 53.496864318847656, 46.83892822265625, 52.11327362060547, 43.77771759033203, 48.418304443359375, 56.404884338378906, 48.89970016479492, 46.866065979003906, 46.9869270324707, 42.65064239501953, 43.31571578979492, 49.19301986694336, 44.79576873779297, 40.793678283691406, 37.432044982910156, 39.121315002441406, 42.4937744140625, 37.315467834472656], "vae_kld": [31.344310760498047, 14.382774353027344, 17.456096649169922, 16.188024520874023, 16.289873123168945, 18.32892608642578, 17.411989212036133, 16.75960922241211, 16.111242294311523, 17.777259826660156, 16.514522552490234, 18.30752944946289, 17.484355926513672, 18.571754455566406, 17.27801513671875, 17.77679443359375, 17.704174041748047, 17.797298431396484, 17.402812957763672, 17.789894104003906, 18.15609359741211, 17.825531005859375, 17.953323364257812, 17.214696884155273, 17.861709594726562, 18.164894104003906, 18.153968811035156, 17.73752212524414, 18.458471298217773, 19.318931579589844], "vae_tc_loss": [0.06549358367919922, 0.06795402616262436, 0.1056431457400322, 0.07207489758729935, 0.11613786220550537, 0.21415697038173676, 0.2557790279388428, -0.013402395881712437, 0.07584692537784576, 0.27767500281333923, 0.05571996420621872, 0.3813320994377136, 0.235531747341156, 0.008688081055879593, -0.03789776191115379, 0.12819349765777588, 0.1274724304676056, 0.22025451064109802, 0.11950649321079254, 0.21974729001522064, 0.19082528352737427, 0.14034312963485718, 0.10734274983406067, 0.008154850453138351, 0.036731865257024765, 0.17186537384986877, 0.008924201130867004, 0.17917096614837646, 0.03350643813610077, 0.36133697628974915], "D_tc_loss": [0.6613575220108032, 0.6856220960617065, 0.6658948659896851, 0.6760916709899902, 0.6882532835006714, 0.6582887768745422, 0.6426543593406677, 0.6994670629501343, 0.6633530855178833, 0.6244769096374512, 0.6807758808135986, 0.6361914873123169, 0.664118230342865, 0.6536309123039246, 0.6879796981811523, 0.6859684586524963, 0.6762515306472778, 0.6575133800506592, 0.6528599262237549, 0.6512224674224854, 0.6574681401252747, 0.6776484847068787, 0.6417814493179321, 0.6587662696838379, 0.6867614984512329, 0.6554107069969177, 0.6831293702125549, 0.6665789484977722, 0.6872416734695435, 0.6659911870956421], "ad_loss": [0.00915866531431675, 0.009310966357588768, 0.0036814636550843716, 0.0034961020573973656, 0.00446893647313118, 0.008255690336227417, 0.0014133815420791507, 0.0007913101580925286, 0.009109461680054665, 0.010731060057878494, 0.011227739974856377, 0.007505984045565128, 0.01025910023599863, 0.004872022662311792, 0.015625, 0.009232324548065662, 0.008819760754704475, 0.011937546543776989, 0.0019914000295102596, 0.007365160621702671, 0.0009908186038956046, 0.007353520952165127, 0.008066259324550629, 0.007814889773726463, 0.0073768808506429195, 0.009272255934774876, 0.0009931791573762894, 0.00978701002895832, 0.009053599089384079, 0.004453266970813274], "dis_score": [0.5375000238418579, 0.6150000095367432, 0.6600000262260437, 0.7250000238418579, 0.7112500071525574, 0.7262499928474426, 0.7137500047683716, 0.7350000143051147, 0.7462499737739563, 0.7475000023841858, 0.71875, 0.7537500262260437, 0.7762500047683716, 0.7174999713897705, 0.7425000071525574, 0.7574999928474426, 0.7425000071525574, 0.78125, 0.7925000190734863, 0.7762500047683716, 0.7900000214576721, 0.8125, 0.856249988079071, 0.8324999809265137, 0.8212500214576721, 0.7837499976158142, 0.8199999928474426, 0.8025000095367432, 0.8262500166893005, 0.800000011920929], "iteration": [10000, 20000, 30000, 40000, 50000, 60000, 70000, 80000, 90000, 100000, 110000, 120000, 130000, 140000, 150000, 160000, 170000, 180000, 190000, 200000, 210000, 220000, 230000, 240000, 250000, 260000, 270000, 280000, 290000, 300000]}}