{"args": {"seed": 2, "name": "2_conv3_lambda1_gamma40", "cuda": true, "max_iter": 300000.0, "batch_size": 64, "z_dim": 32, "gamma": 40.0, "lr_VAE": 0.0001, "beta1_VAE": 0.9, "beta2_VAE": 0.999, "lr_D": 0.0001, "beta1_D": 0.5, "beta2_D": 0.9, "ad_loss": true, "target_layer": "4", "lamb": 1, "L": 100, "vote_count": 800, "dis_score": true, "dset_dir": "data", "dataset": "dsprites", "image_size": 64, "num_workers": 2, "viz_on": false, "viz_port": 8097, "viz_ll_iter": 1000, "viz_la_iter": 5000, "viz_ra_iter": 10000, "viz_ta_iter": 10000, "print_iter": 10000, "ckpt_dir": "checkpoints", "ckpt_load": null, "ckpt_save_iter": 300000, "output_dir": "outputs", "output_save": true, "vars_dir": "vars", "vars_save": true}, "outputs": {"vae_recon_loss": [102.99525451660156, 102.54827117919922, 88.49217987060547, 81.27291107177734, 88.20475769042969, 92.29158020019531, 70.2879409790039, 74.57319641113281, 64.17369079589844, 74.56784057617188, 57.163124084472656, 63.47700881958008, 51.52357864379883, 59.174522399902344, 54.64912414550781, 59.7872314453125, 52.125431060791016, 50.68049621582031, 53.27505111694336, 60.984130859375, 44.76613235473633, 45.423343658447266, 51.40560531616211, 51.677555084228516, 57.95865249633789, 62.878204345703125, 50.728572845458984, 49.98692321777344, 47.20344924926758, 50.3746337890625], "vae_kld": [14.095664024353027, 10.553512573242188, 19.739097595214844, 13.200448036193848, 12.900176048278809, 12.989477157592773, 13.536920547485352, 13.77476692199707, 14.203060150146484, 14.047094345092773, 14.203046798706055, 14.474964141845703, 14.853134155273438, 15.029886245727539, 14.990025520324707, 14.524274826049805, 15.8994779586792, 14.971654891967773, 15.2862548828125, 15.255802154541016, 15.459035873413086, 16.029821395874023, 15.36868953704834, 16.19620132446289, 15.848732948303223, 15.714325904846191, 15.141302108764648, 15.752643585205078, 15.867837905883789, 16.174245834350586], "vae_tc_loss": [0.086017906665802, 0.017735948786139488, -0.032610297203063965, 0.03151092678308487, 0.016863685101270676, 0.02628205344080925, -0.027056798338890076, 0.009323079138994217, -0.013142782263457775, -0.007803951855748892, -0.029473543167114258, 0.05993572995066643, 0.013937977142632008, -0.07704444974660873, -0.015782684087753296, -0.03656003624200821, -0.04091973602771759, -0.004637892358005047, 0.007090289145708084, -0.01633567549288273, 0.05078541487455368, 0.021527554839849472, 0.02919709123671055, -0.01153285801410675, 0.018547192215919495, 0.04251119866967201, 0.03360322117805481, -0.014636984094977379, -0.051615163683891296, 0.055412571877241135], "D_tc_loss": [0.683960497379303, 0.6880420446395874, 0.7017372846603394, 0.6813179850578308, 0.684782862663269, 0.6878871917724609, 0.6946848630905151, 0.6894669532775879, 0.6944502592086792, 0.6915721297264099, 0.7033423185348511, 0.6848810911178589, 0.6891946792602539, 0.6876108050346375, 0.6919504404067993, 0.7052283883094788, 0.6869379281997681, 0.6974632740020752, 0.6967434883117676, 0.6971367001533508, 0.6894149780273438, 0.7024165391921997, 0.6935784816741943, 0.6964422464370728, 0.6937301754951477, 0.6976162195205688, 0.6961661577224731, 0.6875135898590088, 0.692466139793396, 0.6910678148269653], "ad_loss": [0.008568097837269306, 0.006098870653659105, 0.007834375835955143, 0.001420738990418613, 0.007262266241014004, 0.0015992391854524612, 0.010586903430521488, 0.0012746339198201895, 0.0007363761542364955, 0.010289792902767658, 0.0022191547323018312, 0.00036235005245544016, 0.006134429946541786, 0.002892668591812253, 0.005981198977679014, 0.0031331845093518496, 0.0006850798963569105, 0.0017683664336800575, 0.003744974033907056, 0.0075986264273524284, 0.0026133013889193535, 0.00035811311681754887, 0.010504600591957569, 0.015625, 0.001205185428261757, 0.0006703085382468998, 0.0003386437601875514, 0.003260361962020397, 0.002410169458016753, 0.008840874768793583], "dis_score": [0.6812499761581421, 0.7325000166893005, 0.7912499904632568, 0.7749999761581421, 0.7724999785423279, 0.7862499952316284, 0.7799999713897705, 0.7912499904632568, 0.7749999761581421, 0.7749999761581421, 0.8137500286102295, 0.7887499928474426, 0.78125, 0.7787500023841858, 0.8162500262260437, 0.8075000047683716, 0.8362500071525574, 0.7825000286102295, 0.7987499833106995, 0.8025000095367432, 0.8012499809265137, 0.8025000095367432, 0.7962499856948853, 0.7825000286102295, 0.8262500166893005, 0.7987499833106995, 0.7837499976158142, 0.7950000166893005, 0.7762500047683716, 0.8412500023841858], "iteration": [10000, 20000, 30000, 40000, 50000, 60000, 70000, 80000, 90000, 100000, 110000, 120000, 130000, 140000, 150000, 160000, 170000, 180000, 190000, 200000, 210000, 220000, 230000, 240000, 250000, 260000, 270000, 280000, 290000, 300000]}}