{"args": {"seed": 2, "name": "3_gamma40", "cuda": true, "max_iter": 300000.0, "batch_size": 64, "z_dim": 32, "gamma": 40.0, "lr_VAE": 0.0001, "beta1_VAE": 0.9, "beta2_VAE": 0.999, "lr_D": 0.0001, "beta1_D": 0.5, "beta2_D": 0.9, "ad_loss": false, "target_layer": "0", "lamb": 1, "L": 100, "vote_count": 800, "dis_score": true, "dset_dir": "data", "dataset": "dsprites", "image_size": 64, "num_workers": 2, "viz_on": false, "viz_port": 8097, "viz_ll_iter": 1000, "viz_la_iter": 5000, "viz_ra_iter": 10000, "viz_ta_iter": 10000, "print_iter": 10000, "ckpt_dir": "checkpoints", "ckpt_load": null, "ckpt_save_iter": 300000, "output_dir": "outputs", "output_save": true, "vars_dir": "vars", "vars_save": true}, "outputs": {"vae_recon_loss": [120.69740295410156, 103.83183288574219, 95.57377624511719, 94.27136993408203, 103.13526916503906, 94.86297607421875, 78.1772689819336, 82.65552520751953, 80.7212905883789, 85.14339447021484, 67.3729019165039, 80.52001190185547, 74.34467315673828, 78.37112426757812, 78.95346069335938, 72.54955291748047, 79.91127014160156, 65.27266693115234, 66.17790222167969, 70.88719177246094, 61.35456466674805, 56.46724319458008, 56.82263946533203, 66.19192504882812, 48.83938217163086, 50.76749038696289, 49.818321228027344, 43.59551239013672, 42.11150360107422, 37.54693603515625], "vae_kld": [17.80121612548828, 10.980499267578125, 10.584123611450195, 10.745936393737793, 13.125481605529785, 13.37563419342041, 13.002840042114258, 13.145427703857422, 12.82354736328125, 13.412603378295898, 13.121061325073242, 13.517351150512695, 13.783384323120117, 13.629209518432617, 13.545902252197266, 13.546607971191406, 13.683526992797852, 14.01815414428711, 14.183454513549805, 13.801681518554688, 14.520990371704102, 19.5020751953125, 16.38111114501953, 16.52893829345703, 16.667972564697266, 16.836483001708984, 16.456157684326172, 17.566875457763672, 17.906185150146484, 18.72751808166504], "vae_tc_loss": [0.05200493335723877, 0.07447683811187744, 0.09888968616724014, -0.030940016731619835, 0.053400956094264984, -0.06296628713607788, -0.01109309121966362, -0.013418909162282944, -0.021735623478889465, 0.1467951536178589, 0.047658998519182205, 0.002473287982866168, -0.08863845467567444, -0.07231806963682175, -0.01744469627737999, 0.02014285698533058, -0.019113169983029366, 0.03603469580411911, 0.004169799387454987, 0.0013702111318707466, 0.016168659552931786, -0.005381731316447258, -0.007245671469718218, 0.0014838026836514473, 0.07710813730955124, 0.04337336868047714, 0.021300222724676132, 0.16193221509456635, 0.134420245885849, 0.11656396836042404], "D_tc_loss": [0.6730213165283203, 0.6751174926757812, 0.7000725269317627, 0.6928702592849731, 0.6922307014465332, 0.6919997930526733, 0.6938053369522095, 0.6991987228393555, 0.7017481327056885, 0.6935083866119385, 0.6867709159851074, 0.6901335120201111, 0.7040402293205261, 0.6877245903015137, 0.7027708292007446, 0.6897321343421936, 0.6971913576126099, 0.6990789771080017, 0.6942515969276428, 0.6927599906921387, 0.6861247420310974, 0.7096285820007324, 0.6769078969955444, 0.6882126927375793, 0.6930421590805054, 0.6928637027740479, 0.7160710096359253, 0.6743283867835999, 0.6622247695922852, 0.6785269975662231], "ad_loss": [0, 0, 0, 0, 0, 0, 0, 0, 0, 0, 0, 0, 0, 0, 0, 0, 0, 0, 0, 0, 0, 0, 0, 0, 0, 0, 0, 0, 0, 0], "dis_score": [0.6775000095367432, 0.6650000214576721, 0.7074999809265137, 0.71875, 0.7537500262260437, 0.7649999856948853, 0.7875000238418579, 0.7850000262260437, 0.8087499737739563, 0.800000011920929, 0.7737500071525574, 0.7762500047683716, 0.7962499856948853, 0.7749999761581421, 0.7900000214576721, 0.78125, 0.7862499952316284, 0.8075000047683716, 0.8274999856948853, 0.7962499856948853, 0.7662500143051147, 0.793749988079071, 0.8349999785423279, 0.8137500286102295, 0.8349999785423279, 0.8525000214576721, 0.831250011920929, 0.8550000190734863, 0.8450000286102295, 0.8387500047683716], "iteration": [10000, 20000, 30000, 40000, 50000, 60000, 70000, 80000, 90000, 100000, 110000, 120000, 130000, 140000, 150000, 160000, 170000, 180000, 190000, 200000, 210000, 220000, 230000, 240000, 250000, 260000, 270000, 280000, 290000, 300000]}}