{"args": {"seed": 1, "name": "3_gamma40", "cuda": true, "max_iter": 300000.0, "batch_size": 64, "z_dim": 32, "gamma": 40.0, "lr_VAE": 0.0001, "beta1_VAE": 0.9, "beta2_VAE": 0.999, "lr_D": 0.0001, "beta1_D": 0.5, "beta2_D": 0.9, "ad_loss": false, "target_layer": "0", "lamb": 1, "L": 100, "vote_count": 800, "dis_score": true, "dset_dir": "data", "dataset": "dsprites", "image_size": 64, "num_workers": 2, "viz_on": false, "viz_port": 8097, "viz_ll_iter": 1000, "viz_la_iter": 5000, "viz_ra_iter": 10000, "viz_ta_iter": 10000, "print_iter": 10000, "ckpt_dir": "checkpoints", "ckpt_load": null, "ckpt_save_iter": 300002, "output_dir": "outputs", "output_save": true, "vars_dir": "vars", "vars_save": true}, "outputs": {"vae_recon_loss": [146.73397827148438, 146.4963836669922, 106.7135238647461, 86.97920227050781, 82.16319274902344, 73.36872863769531, 62.97161865234375, 60.62158966064453, 65.69770050048828, 61.88899612426758, 58.084388732910156, 61.99131774902344, 58.64958572387695, 51.50368881225586, 59.73042297363281, 50.76239776611328, 55.92055892944336, 60.098140716552734, 52.94214630126953, 51.045860290527344, 51.777374267578125, 49.086814880371094, 50.836570739746094, 52.2236442565918, 53.186309814453125, 47.75819396972656, 45.46775436401367, 41.94232940673828, 47.32998275756836, 44.16754913330078], "vae_kld": [132.64047241210938, 66.60409545898438, 24.06725311279297, 16.04277801513672, 15.819570541381836, 18.078142166137695, 17.646909713745117, 16.535667419433594, 16.632396697998047, 16.954416275024414, 16.58635902404785, 17.389719009399414, 17.612571716308594, 17.97679901123047, 17.58051300048828, 17.625045776367188, 17.62017822265625, 19.006332397460938, 17.79819107055664, 18.127845764160156, 20.526304244995117, 18.61124038696289, 18.488746643066406, 18.577171325683594, 18.153202056884766, 18.611848831176758, 19.72019386291504, 18.28791046142578, 18.928756713867188, 20.112422943115234], "vae_tc_loss": [0.014441956765949726, 1.0850002765655518, 0.362764835357666, 0.16115131974220276, -0.028256496414542198, 0.07943717390298843, 0.1860620528459549, 0.10777642577886581, 0.10192649066448212, 0.10520222783088684, -0.08958104252815247, 0.11101436614990234, 0.2962281107902527, 0.10131967812776566, -0.039598047733306885, 0.10781945288181305, 0.1034393310546875, 0.007004166021943092, 0.1496996432542801, 0.27471524477005005, 0.19910065829753876, 0.013623610138893127, 0.16770359873771667, 0.12587690353393555, 0.14637213945388794, 0.06696245819330215, 0.09274475276470184, 0.1714368462562561, 0.2693440616130829, 0.28167203068733215], "D_tc_loss": [0.6679195165634155, 0.5311332941055298, 0.6764568090438843, 0.6939558982849121, 0.7106359004974365, 0.6713494062423706, 0.66550612449646, 0.6876242160797119, 0.6398663520812988, 0.6599816083908081, 0.6495060324668884, 0.6928706765174866, 0.656955361366272, 0.6440539956092834, 0.6850920915603638, 0.6795847415924072, 0.673865795135498, 0.6843811273574829, 0.6578197479248047, 0.6602194309234619, 0.683455765247345, 0.6694090366363525, 0.631973147392273, 0.638469934463501, 0.6756277680397034, 0.6479061841964722, 0.6595474481582642, 0.646270751953125, 0.643703818321228, 0.6630578637123108], "ad_loss": [0, 0, 0, 0, 0, 0, 0, 0, 0, 0, 0, 0, 0, 0, 0, 0, 0, 0, 0, 0, 0, 0, 0, 0, 0, 0, 0, 0, 0, 0], "dis_score": [0.5149999856948853, 0.47749999165534973, 0.5099999904632568, 0.5450000166893005, 0.5237500071525574, 0.6150000095367432, 0.6387500166893005, 0.6412500143051147, 0.59375, 0.6337500214576721, 0.6000000238418579, 0.5787500143051147, 0.6825000047683716, 0.6775000095367432, 0.6737499833106995, 0.6737499833106995, 0.6399999856948853, 0.6187499761581421, 0.7275000214576721, 0.6700000166893005, 0.7250000238418579, 0.668749988079071, 0.6762499809265137, 0.643750011920929, 0.7212499976158142, 0.6712499856948853, 0.6912500262260437, 0.7400000095367432, 0.6962500214576721, 0.7362499833106995], "iteration": [10000, 20000, 30000, 40000, 50000, 60000, 70000, 80000, 90000, 100000, 110000, 120000, 130000, 140000, 150000, 160000, 170000, 180000, 190000, 200000, 210000, 220000, 230000, 240000, 250000, 260000, 270000, 280000, 290000, 300000]}}