{"args": {"seed": 0, "name": "3_gamma40", "cuda": true, "max_iter": 300000.0, "batch_size": 64, "z_dim": 32, "gamma": 40.0, "lr_VAE": 0.0001, "beta1_VAE": 0.9, "beta2_VAE": 0.999, "lr_D": 0.0001, "beta1_D": 0.5, "beta2_D": 0.9, "ad_loss": false, "target_layer": "0", "lamb": 1, "L": 100, "vote_count": 800, "dis_score": true, "dset_dir": "data", "dataset": "dsprites", "image_size": 64, "num_workers": 2, "viz_on": false, "viz_port": 8097, "viz_ll_iter": 1000, "viz_la_iter": 5000, "viz_ra_iter": 10000, "viz_ta_iter": 10000, "print_iter": 10000, "ckpt_dir": "checkpoints", "ckpt_load": null, "ckpt_save_iter": 300002, "output_dir": "outputs", "output_save": true, "vars_dir": "vars", "vars_save": true}, "outputs": {"vae_recon_loss": [119.46957397460938, 99.59007263183594, 94.52072143554688, 65.40809631347656, 62.851837158203125, 51.75419235229492, 47.17690658569336, 41.73870849609375, 43.74034881591797, 44.670196533203125, 43.5326042175293, 39.679683685302734, 38.19100570678711, 40.77149963378906, 34.05987548828125, 38.23329162597656, 32.06174850463867, 35.67920684814453, 35.71141052246094, 38.97456359863281, 29.99570083618164, 34.10945129394531, 37.38421630859375, 30.401212692260742, 34.44007873535156, 34.427452087402344, 30.465618133544922, 31.400453567504883, 36.80841064453125, 26.65266227722168], "vae_kld": [36.74810028076172, 11.414084434509277, 16.98668670654297, 15.410004615783691, 16.575143814086914, 16.12104606628418, 17.3944034576416, 17.0458984375, 17.218624114990234, 19.46179962158203, 17.89767074584961, 19.26671600341797, 17.659717559814453, 17.642749786376953, 18.671920776367188, 17.555862426757812, 17.927284240722656, 20.89409065246582, 18.68900489807129, 18.535879135131836, 18.435775756835938, 18.801313400268555, 18.213272094726562, 18.300182342529297, 18.554824829101562, 18.370975494384766, 18.993793487548828, 20.474834442138672, 19.750568389892578, 18.756072998046875], "vae_tc_loss": [0.3058059811592102, 0.019375886768102646, 0.06738801300525665, 0.021596819162368774, 0.061043038964271545, 0.09584622085094452, 0.1859208345413208, 0.11350218951702118, 0.1017305925488472, 0.02394377812743187, 0.17874367535114288, 0.1295650750398636, 0.06552992761135101, 0.05815065652132034, 0.08538368344306946, 0.2046813815832138, 0.13041125237941742, 0.08470667898654938, 0.07202144712209702, -0.00655517540872097, 0.13462701439857483, 0.01738840900361538, 0.20204924046993256, 0.06539291143417358, -0.039788298308849335, -0.026793863624334335, 0.1459762454032898, 0.014381805434823036, 0.17049722373485565, -0.03138267248868942], "D_tc_loss": [0.663642168045044, 0.6885684728622437, 0.68327796459198, 0.6871512532234192, 0.6798059940338135, 0.6942965984344482, 0.6847881078720093, 0.6687195897102356, 0.6768099069595337, 0.6694450378417969, 0.66658616065979, 0.6566728353500366, 0.675972044467926, 0.6749471426010132, 0.6622751951217651, 0.6686548590660095, 0.6829229593276978, 0.6588255167007446, 0.6608508229255676, 0.690320611000061, 0.6649696826934814, 0.6629095077514648, 0.6431324481964111, 0.6594550609588623, 0.6917175650596619, 0.7032210230827332, 0.6689515709877014, 0.6722398996353149, 0.6546056866645813, 0.6828426122665405], "ad_loss": [0, 0, 0, 0, 0, 0, 0, 0, 0, 0, 0, 0, 0, 0, 0, 0, 0, 0, 0, 0, 0, 0, 0, 0, 0, 0, 0, 0, 0, 0], "dis_score": [0.5874999761581421, 0.6912500262260437, 0.793749988079071, 0.8262500166893005, 0.8299999833106995, 0.8162500262260437, 0.8274999856948853, 0.8037499785423279, 0.8012499809265137, 0.8374999761581421, 0.8062499761581421, 0.8412500023841858, 0.8462499976158142, 0.8174999952316284, 0.8262500166893005, 0.8137500286102295, 0.8600000143051147, 0.8187500238418579, 0.8224999904632568, 0.84375, 0.8399999737739563, 0.8337500095367432, 0.8299999833106995, 0.824999988079071, 0.84375, 0.8662499785423279, 0.8149999976158142, 0.8374999761581421, 0.84375, 0.8387500047683716], "iteration": [10000, 20000, 30000, 40000, 50000, 60000, 70000, 80000, 90000, 100000, 110000, 120000, 130000, 140000, 150000, 160000, 170000, 180000, 190000, 200000, 210000, 220000, 230000, 240000, 250000, 260000, 270000, 280000, 290000, 300000]}}