{"args": {"seed": 0, "name": "2_lambda80_gamma40", "cuda": true, "max_iter": 300000.0, "batch_size": 64, "z_dim": 32, "gamma": 40.0, "lr_VAE": 0.0001, "beta1_VAE": 0.9, "beta2_VAE": 0.999, "lr_D": 0.0001, "beta1_D": 0.5, "beta2_D": 0.9, "ad_loss": true, "target_layer": "0", "lamb": 80.0, "L": 100, "vote_count": 800, "dis_score": true, "dis_batch_size": 2048, "dset_dir": "data", "dataset": "dsprites", "image_size": 64, "num_workers": 2, "print_iter": 10000, "ckpt_dir": "checkpoints", "ckpt_load": null, "ckpt_save_iter": 300002, "vars_dir": "vars", "vars_save": true}, "outputs": {"vae_recon_loss": [101.76316833496094, 77.25569152832031, 80.31806945800781, 61.83186340332031, 63.77002716064453, 50.97186279296875, 53.02878952026367, 47.80652618408203, 50.73495101928711, 53.22583770751953, 46.52521514892578, 48.85697937011719, 43.71772003173828, 44.69831848144531, 43.2762336730957, 39.79624938964844, 42.822105407714844, 42.50048065185547, 44.31257629394531, 41.484527587890625, 38.10999298095703, 40.32675552368164, 42.46571350097656, 36.697322845458984, 43.48938751220703, 40.465415954589844, 37.103309631347656, 36.027557373046875, 37.06236267089844, 36.4605598449707], "vae_kld": [14.437532424926758, 14.35019302368164, 16.320571899414062, 15.395675659179688, 16.421560287475586, 16.977622985839844, 16.844404220581055, 17.10616683959961, 16.909746170043945, 18.126750946044922, 17.581764221191406, 17.756824493408203, 17.760643005371094, 16.884681701660156, 17.518980026245117, 17.517314910888672, 17.268566131591797, 18.240829467773438, 18.194931030273438, 18.44487190246582, 18.24069595336914, 18.44778823852539, 18.009387969970703, 18.390384674072266, 17.950233459472656, 18.298341751098633, 19.095046997070312, 19.0836181640625, 18.65292739868164, 19.407241821289062], "vae_tc_loss": [0.012666191905736923, 0.009000210091471672, 0.002544872462749481, 0.01861044391989708, -0.010729752480983734, 0.045371346175670624, 0.2372351884841919, 0.10550001263618469, 0.10211233794689178, 0.010446790605783463, 0.11556635051965714, 0.16382712125778198, 0.053402289748191833, 0.05387382581830025, 0.014329753816127777, 0.26357001066207886, 0.19493025541305542, 0.19720198214054108, 0.036828890442848206, 0.11574432253837585, 0.15089014172554016, 0.16328251361846924, 0.09036190807819366, 0.12012797594070435, 0.0721840187907219, 0.12484011799097061, 0.09431590139865875, 0.04112495109438896, -0.18721137940883636, 0.11646836996078491], "D_tc_loss": [0.7038949728012085, 0.6762744784355164, 0.6889153718948364, 0.7071447372436523, 0.6921970844268799, 0.6571965217590332, 0.7054987549781799, 0.6760509014129639, 0.7003260850906372, 0.6899025440216064, 0.6928344368934631, 0.6621553897857666, 0.686242938041687, 0.6406122446060181, 0.6813969612121582, 0.650052547454834, 0.6713916659355164, 0.6549583077430725, 0.6686728596687317, 0.6745027899742126, 0.6651767492294312, 0.6464920043945312, 0.6783870458602905, 0.6872745752334595, 0.64935302734375, 0.7093900442123413, 0.674170970916748, 0.6498723030090332, 0.7168377041816711, 0.6584364175796509], "ad_loss": [0.004839987028390169, 0.0004086930421181023, 8.489481842843816e-05, 0.004375891759991646, 0.0017177569679915905, 0.006759967654943466, 0.0016646066214889288, 0.007434682920575142, 0.010854511521756649, 0.001960929250344634, 0.0031115759629756212, 0.008318278007209301, 0.006439175456762314, 0.009614176116883755, 0.0020601467695087194, 0.005431787576526403, 0.0010033213766291738, 0.0011324894148856401, 0.015625, 0.005924353841692209, 0.00869343988597393, 0.0009372227941639721, 0.008203462697565556, 0.0005648491787724197, 0.0077699641697108746, 0.0011113048531115055, 0.0059092543087899685, 0.0009537128498777747, 0.0005923772696405649, 0.001430369564332068], "dis_score": [0.7300000190734863, 0.7862499952316284, 0.8262500166893005, 0.8387500047683716, 0.8287500143051147, 0.8050000071525574, 0.8374999761581421, 0.8112499713897705, 0.8287500143051147, 0.8162500262260437, 0.8174999952316284, 0.8237500190734863, 0.8274999856948853, 0.8362500071525574, 0.8224999904632568, 0.8187500238418579, 0.8237500190734863, 0.8337500095367432, 0.8087499737739563, 0.8512499928474426, 0.8349999785423279, 0.8087499737739563, 0.8199999928474426, 0.8224999904632568, 0.8324999809265137, 0.8487499952316284, 0.8137500286102295, 0.8112499713897705, 0.8374999761581421, 0.8162500262260437], "iteration": [10000, 20000, 30000, 40000, 50000, 60000, 70000, 80000, 90000, 100000, 110000, 120000, 130000, 140000, 150000, 160000, 170000, 180000, 190000, 200000, 210000, 220000, 230000, 240000, 250000, 260000, 270000, 280000, 290000, 300000]}}