{"args": {"seed": 1, "name": "2_lambda1_gamma40", "cuda": true, "max_iter": 300000.0, "batch_size": 64, "z_dim": 32, "gamma": 40.0, "lr_VAE": 0.0001, "beta1_VAE": 0.9, "beta2_VAE": 0.999, "lr_D": 0.0001, "beta1_D": 0.5, "beta2_D": 0.9, "ad_loss": true, "target_layer": "0", "lamb": 1, "L": 100, "vote_count": 800, "dis_score": true, "dset_dir": "data", "dataset": "dsprites", "image_size": 64, "num_workers": 2, "viz_on": false, "viz_port": 8097, "viz_ll_iter": 1000, "viz_la_iter": 5000, "viz_ra_iter": 10000, "viz_ta_iter": 10000, "print_iter": 10000, "ckpt_dir": "checkpoints", "ckpt_load": null, "ckpt_save_iter": 300002, "output_dir": "outputs", "output_save": true, "vars_dir": "vars", "vars_save": true}, "outputs": {"vae_recon_loss": [146.05123901367188, 111.38641357421875, 83.01864624023438, 62.33000946044922, 70.59165954589844, 53.92216873168945, 48.16171646118164, 44.447669982910156, 52.54954528808594, 47.0826416015625, 43.097251892089844, 43.98992156982422, 41.253700256347656, 38.65061950683594, 41.37803649902344, 32.33651351928711, 41.431358337402344, 47.82538604736328, 38.79264450073242, 38.27001953125, 35.70072937011719, 33.706687927246094, 36.28247833251953, 35.43928909301758, 40.446434020996094, 33.91347122192383, 33.62332534790039, 30.901227951049805, 31.316062927246094, 32.501468658447266], "vae_kld": [60.82851028442383, 13.764195442199707, 17.232120513916016, 15.42249870300293, 15.867424011230469, 17.865846633911133, 17.336925506591797, 17.01693344116211, 16.34539031982422, 17.75823974609375, 16.842029571533203, 17.058353424072266, 17.862537384033203, 18.279605865478516, 17.407672882080078, 17.56369400024414, 17.73312759399414, 17.691421508789062, 17.37921905517578, 18.24756622314453, 18.313579559326172, 18.086864471435547, 19.002811431884766, 18.02813720703125, 18.500402450561523, 18.528118133544922, 18.25383758544922, 17.982494354248047, 20.097463607788086, 22.19974136352539], "vae_tc_loss": [0.3662624657154083, -0.01242326945066452, 0.18049505352973938, 0.25686806440353394, 0.09692274034023285, 0.08188983798027039, 0.015874924138188362, 0.015174179337918758, 0.014338870532810688, 0.12392450124025345, 0.11070500314235687, 0.2007923126220703, 0.13313604891300201, 0.13466450572013855, -0.007789084687829018, 0.10514578223228455, 0.21445392072200775, 0.013641942292451859, 0.05646457150578499, 0.11395788192749023, 0.10014653205871582, -0.03222731873393059, 0.06664957851171494, 0.07765905559062958, 0.04051113873720169, -0.010547138750553131, 0.039831582456827164, 0.10043056309223175, 0.15977707505226135, 0.0922360047698021], "D_tc_loss": [0.6438620090484619, 0.6928242444992065, 0.6330482363700867, 0.6552585363388062, 0.6565526127815247, 0.6661458015441895, 0.6916378736495972, 0.6700238585472107, 0.6964185833930969, 0.6909946203231812, 0.6624254584312439, 0.7045577764511108, 0.6539992094039917, 0.6563622951507568, 0.6795666217803955, 0.6757692098617554, 0.708541750907898, 0.6982644200325012, 0.6957236528396606, 0.6876716613769531, 0.6767309904098511, 0.6740256547927856, 0.6781023740768433, 0.6690489053726196, 0.6613959074020386, 0.715872049331665, 0.697657585144043, 0.6645973324775696, 0.66462242603302, 0.714224636554718], "ad_loss": [0.0068771797232329845, 0.010452362708747387, 0.0029552115593105555, 0.008062361739575863, 0.007720202207565308, 0.007284064311534166, 0.0010840054601430893, 0.005228907335549593, 0.00498201372101903, 0.005764260422438383, 0.0016968370182439685, 0.010614253580570221, 0.006874526385217905, 0.006539902184158564, 0.015625, 0.005466534290462732, 0.01164054125547409, 0.001182147185318172, 0.009577857330441475, 0.001122085377573967, 0.007194536738097668, 0.011548527516424656, 0.008174021728336811, 0.00898017454892397, 0.002744479803368449, 0.0007355175330303609, 0.004457991570234299, 0.0005723710637539625, 0.011709881946444511, 0.005113091319799423], "dis_score": [0.6899999976158142, 0.7724999785423279, 0.8087499737739563, 0.8212500214576721, 0.8212500214576721, 0.831250011920929, 0.8287500143051147, 0.8224999904632568, 0.8125, 0.8199999928474426, 0.8224999904632568, 0.8174999952316284, 0.8349999785423279, 0.8224999904632568, 0.8174999952316284, 0.8237500190734863, 0.8650000095367432, 0.8174999952316284, 0.8374999761581421, 0.8612499833106995, 0.824999988079071, 0.9087499976158142, 0.8224999904632568, 0.8550000190734863, 0.824999988079071, 0.8525000214576721, 0.8687499761581421, 0.8424999713897705, 0.831250011920929, 0.8475000262260437], "iteration": [10000, 20000, 30000, 40000, 50000, 60000, 70000, 80000, 90000, 100000, 110000, 120000, 130000, 140000, 150000, 160000, 170000, 180000, 190000, 200000, 210000, 220000, 230000, 240000, 250000, 260000, 270000, 280000, 290000, 300000]}}