{"args": {"seed": 0, "name": "2_lambda20_gamma40", "cuda": true, "max_iter": 300000.0, "batch_size": 64, "z_dim": 32, "gamma": 40.0, "lr_VAE": 0.0001, "beta1_VAE": 0.9, "beta2_VAE": 0.999, "lr_D": 0.0001, "beta1_D": 0.5, "beta2_D": 0.9, "ad_loss": true, "target_layer": "0", "lamb": 20.0, "L": 100, "vote_count": 800, "dis_score": true, "dset_dir": "data", "dataset": "dsprites", "image_size": 64, "num_workers": 2, "viz_on": false, "viz_port": 8097, "viz_ll_iter": 1000, "viz_la_iter": 5000, "viz_ra_iter": 10000, "viz_ta_iter": 10000, "print_iter": 10000, "ckpt_dir": "checkpoints", "ckpt_load": null, "ckpt_save_iter": 300002, "output_dir": "outputs", "output_save": true, "vars_dir": "vars", "vars_save": true}, "outputs": {"vae_recon_loss": [102.20513916015625, 75.12040710449219, 80.53657531738281, 57.304649353027344, 54.06471252441406, 47.335086822509766, 46.089447021484375, 41.95280456542969, 42.99962615966797, 42.053871154785156, 41.525352478027344, 37.563819885253906, 39.633846282958984, 41.699424743652344, 38.55830764770508, 32.890140533447266, 35.65825271606445, 33.7009162902832, 35.00875473022461, 37.17491149902344, 29.125417709350586, 36.38650894165039, 38.12974548339844, 28.93466567993164, 34.196014404296875, 33.095550537109375, 28.86823081970215, 30.592212677001953, 33.25318908691406, 28.301843643188477], "vae_kld": [16.458599090576172, 14.900667190551758, 14.709542274475098, 15.395757675170898, 17.18553924560547, 16.898460388183594, 18.514917373657227, 17.75490951538086, 17.166034698486328, 19.735881805419922, 18.04580307006836, 19.07353973388672, 18.00965690612793, 17.349925994873047, 18.65864372253418, 18.048255920410156, 18.25572967529297, 19.353961944580078, 17.92120933532715, 18.612815856933594, 19.460186004638672, 19.832765579223633, 18.008392333984375, 18.840900421142578, 18.599071502685547, 19.072036743164062, 18.637475967407227, 19.336347579956055, 19.059316635131836, 18.95800018310547], "vae_tc_loss": [0.016003090888261795, 0.08973478525876999, 0.023791249841451645, 0.11798185855150223, 0.12497033178806305, 0.12644238770008087, 0.17527736723423004, 0.11782833933830261, 0.05520792305469513, 0.00786952767521143, 0.09647012501955032, 0.2324157953262329, 0.2920178771018982, 0.007427750155329704, 0.19412273168563843, 0.10348112136125565, 0.2694516181945801, 0.011826906353235245, -0.02549290657043457, -0.008581476286053658, -0.07045213133096695, 0.08192111551761627, 0.08008479326963425, -0.062036726623773575, 0.229761004447937, 0.058778926730155945, 0.035254478454589844, 0.11915376037359238, 0.10172881186008453, 0.05053810775279999], "D_tc_loss": [0.6927051544189453, 0.683210551738739, 0.6814390420913696, 0.666900634765625, 0.680052638053894, 0.6718772649765015, 0.6723041534423828, 0.6584402322769165, 0.6624311804771423, 0.668267548084259, 0.664918839931488, 0.6482293605804443, 0.6363788843154907, 0.6706854104995728, 0.6719768047332764, 0.6716020107269287, 0.6487802267074585, 0.6538529992103577, 0.7101423144340515, 0.7070931792259216, 0.665187418460846, 0.6691271662712097, 0.6669716238975525, 0.6722520589828491, 0.661506712436676, 0.6691912412643433, 0.6564559936523438, 0.6555625200271606, 0.6327271461486816, 0.6767500042915344], "ad_loss": [0.005464040208607912, 0.005303055513650179, 2.60082924796734e-05, 0.00629611499607563, 0.0024374404456466436, 0.0031245904974639416, 0.0006510631064884365, 0.013473224826157093, 0.003445710288360715, 0.0013413000851869583, 0.004026445094496012, 0.006159638520330191, 0.006818137131631374, 0.0021030695643275976, 0.0022029101382941008, 0.003662036033347249, 0.004560398403555155, 0.0001405945367878303, 0.015625, 0.012177862226963043, 0.0032095371279865503, 0.006678406614810228, 0.008525789715349674, 0.0005245665088295937, 0.0036651515401899815, 0.007630617823451757, 0.009330976754426956, 0.0036358812358230352, 0.00023142408463172615, 0.001935329637490213], "dis_score": [0.7262499928474426, 0.8100000023841858, 0.8274999856948853, 0.8737499713897705, 0.8187500238418579, 0.824999988079071, 0.8187500238418579, 0.8324999809265137, 0.8224999904632568, 0.8412500023841858, 0.8112499713897705, 0.7774999737739563, 0.7900000214576721, 0.7975000143051147, 0.8062499761581421, 0.7875000238418579, 0.8075000047683716, 0.8062499761581421, 0.7987499833106995, 0.8050000071525574, 0.793749988079071, 0.7912499904632568, 0.8224999904632568, 0.762499988079071, 0.8487499952316284, 0.8137500286102295, 0.7912499904632568, 0.8162500262260437, 0.8087499737739563, 0.8174999952316284], "iteration": [10000, 20000, 30000, 40000, 50000, 60000, 70000, 80000, 90000, 100000, 110000, 120000, 130000, 140000, 150000, 160000, 170000, 180000, 190000, 200000, 210000, 220000, 230000, 240000, 250000, 260000, 270000, 280000, 290000, 300000]}}