{"args": {"seed": 0, "name": "2_lambda40_gamma40", "cuda": true, "max_iter": 300000.0, "batch_size": 64, "z_dim": 32, "gamma": 40.0, "lr_VAE": 0.0001, "beta1_VAE": 0.9, "beta2_VAE": 0.999, "lr_D": 0.0001, "beta1_D": 0.5, "beta2_D": 0.9, "ad_loss": true, "target_layer": "0", "lamb": 40.0, "L": 100, "vote_count": 800, "dis_score": true, "dis_batch_size": 2048, "dset_dir": "data", "dataset": "dsprites", "image_size": 64, "num_workers": 2, "viz_on": false, "viz_port": 8097, "viz_ll_iter": 1000, "viz_la_iter": 5000, "viz_ra_iter": 10000, "viz_ta_iter": 10000, "print_iter": 10000, "ckpt_dir": "checkpoints", "ckpt_load": null, "ckpt_save_iter": 300002, "output_dir": "outputs", "output_save": true, "vars_dir": "vars", "vars_save": true}, "outputs": {"vae_recon_loss": [114.1356201171875, 87.97682189941406, 92.93245697021484, 76.21597290039062, 82.16078186035156, 61.397220611572266, 54.714515686035156, 48.7484130859375, 46.395774841308594, 45.502437591552734, 45.255401611328125, 42.7479133605957, 39.13751983642578, 40.67230224609375, 39.50298309326172, 40.38435363769531, 34.32952880859375, 35.34043502807617, 34.062652587890625, 34.72654724121094, 30.661527633666992, 36.74968338012695, 39.987483978271484, 33.27787780761719, 36.81888961791992, 34.881309509277344, 28.452423095703125, 30.560213088989258, 32.72576904296875, 28.644346237182617], "vae_kld": [45.58335494995117, 13.395831108093262, 12.759159088134766, 12.443923950195312, 23.297569274902344, 15.692612648010254, 15.931880950927734, 16.674774169921875, 17.101287841796875, 19.36275863647461, 17.683679580688477, 19.305683135986328, 17.785945892333984, 17.048656463623047, 17.479007720947266, 17.68537139892578, 18.103139877319336, 18.6641845703125, 18.386333465576172, 17.949411392211914, 18.553647994995117, 18.591089248657227, 20.302793502807617, 19.594402313232422, 18.546974182128906, 18.973304748535156, 18.884784698486328, 18.933841705322266, 19.598716735839844, 19.128299713134766], "vae_tc_loss": [0.018782369792461395, 0.020237188786268234, 0.020214423537254333, 0.0036758719943463802, 0.08150424063205719, 0.02363745868206024, 0.18808749318122864, 0.021653052419424057, 0.22421908378601074, 0.013640578836202621, -0.030650144442915916, 0.09599360078573227, 0.08588632196187973, 0.13766053318977356, 0.1546548306941986, 0.16459311544895172, -0.0009126570075750351, 0.16771642863750458, 0.1541239619255066, -0.07733483612537384, 0.1404302716255188, 0.08020651340484619, -0.07044564187526703, 0.08153938502073288, 0.025803260505199432, 0.12705248594284058, 0.025427132844924927, 0.09754940867424011, 0.03224407508969307, -0.029842793941497803], "D_tc_loss": [0.6879254579544067, 0.6829907894134521, 0.6944962739944458, 0.6967748403549194, 0.6912736892700195, 0.6952300071716309, 0.6611312627792358, 0.6644846796989441, 0.6873642206192017, 0.6828455924987793, 0.7007284760475159, 0.6798192858695984, 0.67588871717453, 0.6449760794639587, 0.6707056164741516, 0.7140488624572754, 0.6825749278068542, 0.6676002144813538, 0.6452324986457825, 0.6629126071929932, 0.6633622646331787, 0.6661584377288818, 0.678033173084259, 0.718329668045044, 0.663405179977417, 0.7018761038780212, 0.6849268674850464, 0.6591536998748779, 0.6646356582641602, 0.6797479391098022], "ad_loss": [0.0028587947599589825, 0.004652544856071472, 0.003305652178823948, 0.006250602193176746, 0.0024258019402623177, 0.005516413599252701, 0.003118825377896428, 0.0015377021627500653, 0.0016304366290569305, 0.003420786000788212, 0.009198223240673542, 0.00027729550492949784, 0.004019799642264843, 0.002304260153323412, 0.002563009038567543, 0.003878032322973013, 0.005385010503232479, 0.002270642202347517, 0.01562499813735485, 0.006642274558544159, 0.0036140959709882736, 0.007243379019200802, 0.006961955223232508, 0.0009617918403819203, 0.0062250178307294846, 0.004162949044257402, 0.010167873464524746, 0.006866766139864922, 0.0016547077102586627, 0.0007424989598803222], "dis_score": [0.7674999833106995, 0.7712500095367432, 0.78125, 0.78125, 0.8199999928474426, 0.7975000143051147, 0.8337500095367432, 0.8075000047683716, 0.8174999952316284, 0.8187500238418579, 0.8100000023841858, 0.8025000095367432, 0.8237500190734863, 0.8100000023841858, 0.8075000047683716, 0.8374999761581421, 0.8362500071525574, 0.8162500262260437, 0.8687499761581421, 0.800000011920929, 0.8087499737739563, 0.8337500095367432, 0.84375, 0.8324999809265137, 0.875, 0.8537499904632568, 0.8487499952316284, 0.8274999856948853, 0.8237500190734863, 0.8475000262260437], "iteration": [10000, 20000, 30000, 40000, 50000, 60000, 70000, 80000, 90000, 100000, 110000, 120000, 130000, 140000, 150000, 160000, 170000, 180000, 190000, 200000, 210000, 220000, 230000, 240000, 250000, 260000, 270000, 280000, 290000, 300000]}}