{"args": {"seed": 2, "name": "2_lambda1_gamma40", "cuda": true, "max_iter": 300000.0, "batch_size": 64, "z_dim": 32, "gamma": 40.0, "lr_VAE": 0.0001, "beta1_VAE": 0.9, "beta2_VAE": 0.999, "lr_D": 0.0001, "beta1_D": 0.5, "beta2_D": 0.9, "ad_loss": true, "target_layer": "0", "lamb": 1, "L": 100, "vote_count": 800, "dis_score": true, "dset_dir": "data", "dataset": "dsprites", "image_size": 64, "num_workers": 2, "viz_on": false, "viz_port": 8097, "viz_ll_iter": 1000, "viz_la_iter": 5000, "viz_ra_iter": 10000, "viz_ta_iter": 10000, "print_iter": 10000, "ckpt_dir": "checkpoints", "ckpt_load": null, "ckpt_save_iter": 300000, "output_dir": "outputs", "output_save": true, "vars_dir": "vars", "vars_save": true}, "outputs": {"vae_recon_loss": [112.29878234863281, 103.48863983154297, 79.00442504882812, 71.80549621582031, 68.24957275390625, 60.419315338134766, 46.37429428100586, 45.26594543457031, 42.01499938964844, 49.15862274169922, 36.02362823486328, 43.54944610595703, 32.58383560180664, 36.996498107910156, 35.791160583496094, 39.02103042602539, 33.42159652709961, 34.453712463378906, 31.923954010009766, 35.69187927246094, 33.56858825683594, 30.912487030029297, 32.09681701660156, 32.58397674560547, 29.92101287841797, 28.685882568359375, 30.9780330657959, 27.822481155395508, 27.182479858398438, 26.27737045288086], "vae_kld": [18.282865524291992, 10.98900318145752, 16.56928253173828, 14.519906997680664, 15.307872772216797, 16.737001419067383, 17.743694305419922, 17.189868927001953, 19.469223022460938, 18.07666015625, 17.542522430419922, 17.734691619873047, 18.404842376708984, 18.14975357055664, 17.833349227905273, 18.637096405029297, 18.875293731689453, 18.505292892456055, 18.03243637084961, 18.193115234375, 18.307964324951172, 18.5852108001709, 19.086633682250977, 18.855932235717773, 19.827255249023438, 19.20147132873535, 18.286357879638672, 18.998146057128906, 18.766956329345703, 19.328283309936523], "vae_tc_loss": [0.18231260776519775, 0.06048474833369255, -0.0008775470778346062, 0.14769601821899414, -0.022058820351958275, 0.14067913591861725, 0.17546546459197998, 0.04450676590204239, 0.10540467500686646, 0.0606134757399559, 0.13845501840114594, 0.07347586005926132, 0.12330658733844757, 0.02570737898349762, -0.05729443579912186, -0.07971518486738205, 0.058801859617233276, -0.09612936526536942, 0.2110253870487213, 0.052083902060985565, 0.09932439774274826, 0.06316148489713669, 0.08742362260818481, 0.17005503177642822, 0.0994880348443985, -0.04062241315841675, 0.06016412377357483, 0.050600405782461166, 0.02698999084532261, 0.050411324948072433], "D_tc_loss": [0.6623284220695496, 0.6821607351303101, 0.6758805513381958, 0.6422156095504761, 0.6970232129096985, 0.6531909704208374, 0.6435568928718567, 0.6910375356674194, 0.6644370555877686, 0.6803781390190125, 0.676789402961731, 0.6689510345458984, 0.6642537117004395, 0.7054693698883057, 0.6614128947257996, 0.7307969927787781, 0.6778056621551514, 0.6681137084960938, 0.6747421026229858, 0.6898087859153748, 0.7011092901229858, 0.6689079999923706, 0.6515161991119385, 0.6663291454315186, 0.7087913751602173, 0.680016815662384, 0.6761759519577026, 0.639051079750061, 0.6642282009124756, 0.6682044863700867], "ad_loss": [0.002663887571543455, 0.004073714837431908, 0.0028764742892235518, 3.488259608275257e-05, 0.002775354776531458, 0.0012565400684252381, 0.00037257999065332115, 0.009735341183841228, 0.0002898631209973246, 0.0030081181321293116, 0.0013602807885035872, 3.464516339590773e-05, 0.009540452621877193, 0.0009602003265172243, 0.00743910763412714, 0.0006968938978388906, 2.582946945040021e-05, 0.009765397757291794, 0.0030707784462720156, 0.0038353039417415857, 0.0016272267093881965, 0.00361996260471642, 0.0037864919286221266, 0.01562499813735485, 0.001979912631213665, 8.870557212503627e-05, 0.00022225984139367938, 0.0012648493284359574, 0.006153069902211428, 0.009297016076743603], "dis_score": [0.6625000238418579, 0.6850000023841858, 0.8199999928474426, 0.7925000190734863, 0.7987499833106995, 0.8062499761581421, 0.8212500214576721, 0.824999988079071, 0.8087499737739563, 0.824999988079071, 0.8374999761581421, 0.8374999761581421, 0.7837499976158142, 0.7925000190734863, 0.793749988079071, 0.8324999809265137, 0.8512499928474426, 0.8112499713897705, 0.8475000262260437, 0.8550000190734863, 0.8362500071525574, 0.90625, 0.8462499976158142, 0.862500011920929, 0.8125, 0.8650000095367432, 0.8487499952316284, 0.8387500047683716, 0.8774999976158142, 0.793749988079071], "iteration": [10000, 20000, 30000, 40000, 50000, 60000, 70000, 80000, 90000, 100000, 110000, 120000, 130000, 140000, 150000, 160000, 170000, 180000, 190000, 200000, 210000, 220000, 230000, 240000, 250000, 260000, 270000, 280000, 290000, 300000]}}