{"args": {"seed": 2, "name": "2_lambda80_gamma40", "cuda": true, "max_iter": 300000.0, "batch_size": 64, "z_dim": 32, "gamma": 40.0, "lr_VAE": 0.0001, "beta1_VAE": 0.9, "beta2_VAE": 0.999, "lr_D": 0.0001, "beta1_D": 0.5, "beta2_D": 0.9, "ad_loss": true, "target_layer": "0", "lamb": 80.0, "L": 100, "vote_count": 800, "dis_score": true, "dis_batch_size": 2048, "dset_dir": "data", "dataset": "dsprites", "image_size": 64, "num_workers": 2, "print_iter": 10000, "ckpt_dir": "checkpoints", "ckpt_load": null, "ckpt_save_iter": 300000, "vars_dir": "vars", "vars_save": true}, "outputs": {"vae_recon_loss": [104.13111114501953, 99.06501007080078, 75.77639770507812, 72.80491638183594, 69.75149536132812, 70.04330444335938, 52.149078369140625, 54.498191833496094, 50.54496383666992, 55.98072052001953, 46.2352294921875, 52.94078826904297, 41.04771423339844, 45.452762603759766, 41.8718376159668, 43.79014587402344, 45.387611389160156, 39.54490661621094, 36.59223175048828, 41.18426513671875, 34.612388610839844, 33.95227813720703, 32.94995880126953, 38.48047637939453, 37.06096649169922, 36.72874450683594, 36.58625793457031, 31.816085815429688, 31.89692497253418, 31.428852081298828], "vae_kld": [17.28591537475586, 12.750289916992188, 22.868576049804688, 14.59803295135498, 15.239468574523926, 15.359798431396484, 15.881771087646484, 15.957115173339844, 16.290237426757812, 16.609970092773438, 16.214296340942383, 17.85342025756836, 17.46192169189453, 17.371963500976562, 17.283315658569336, 17.16900634765625, 17.86804962158203, 18.127328872680664, 17.84981346130371, 17.596712112426758, 17.850629806518555, 18.472061157226562, 18.094512939453125, 19.398406982421875, 18.984336853027344, 19.553834915161133, 17.822731018066406, 18.2910099029541, 18.5828857421875, 19.69583511352539], "vae_tc_loss": [-0.009777842089533806, 0.007158129941672087, -0.0020708544179797173, 0.06845368444919586, 0.057114072144031525, -0.042978450655937195, 0.08847183734178543, 0.06645549088716507, 0.08816644549369812, -0.04971291869878769, 0.05372077599167824, 0.10386024415493011, 0.050672225654125214, 0.11622969061136246, 0.047558896243572235, -0.006347844377160072, 0.1469421237707138, 0.055441953241825104, 0.1332440972328186, 0.026463575661182404, 0.04669596999883652, 0.12241251766681671, 0.19768980145454407, -0.06907521188259125, 0.008388794958591461, 0.14865058660507202, -0.023521944880485535, 0.08873111009597778, 0.06095043942332268, 0.20169100165367126], "D_tc_loss": [0.6883827447891235, 0.6903364658355713, 0.6921515464782715, 0.6745063662528992, 0.6828066110610962, 0.6750653982162476, 0.6528191566467285, 0.6577509641647339, 0.6669897437095642, 0.6949861645698547, 0.6816011667251587, 0.662768542766571, 0.6715217232704163, 0.6942968368530273, 0.6662616729736328, 0.7027279138565063, 0.6922438144683838, 0.6591404676437378, 0.6577988862991333, 0.6890579462051392, 0.6692469716072083, 0.6829788088798523, 0.6557470560073853, 0.6840860843658447, 0.6769965887069702, 0.684626579284668, 0.6970616579055786, 0.7100677490234375, 0.6965407133102417, 0.6447358727455139], "ad_loss": [0.00014196455595083535, 0.006760953925549984, 0.0004154538328293711, 0.00019913479627575725, 0.001761842635460198, 0.0011768715921789408, 0.01195984985679388, 0.00022751573123969138, 0.0003797109820879996, 0.0035703962203115225, 0.0025351636577397585, 2.222077819169499e-05, 0.006928172428160906, 0.001766242436133325, 0.0017690506065264344, 0.0007549442234449089, 0.00033062894362956285, 0.005350334569811821, 0.0014277829322963953, 0.010432131588459015, 0.0022991979494690895, 0.001996070146560669, 0.0014777282485738397, 0.01562499813735485, 0.0009097372530959547, 3.442365778028034e-05, 0.00015468525816686451, 0.0011642386671155691, 0.001314140041358769, 0.005871268920600414], "dis_score": [0.7225000262260437, 0.7875000238418579, 0.8337500095367432, 0.78125, 0.7912499904632568, 0.7912499904632568, 0.800000011920929, 0.7950000166893005, 0.7925000190734863, 0.8125, 0.800000011920929, 0.793749988079071, 0.793749988079071, 0.7962499856948853, 0.8087499737739563, 0.8162500262260437, 0.8100000023841858, 0.7987499833106995, 0.8087499737739563, 0.8087499737739563, 0.8199999928474426, 0.8500000238418579, 0.8174999952316284, 0.8174999952316284, 0.8075000047683716, 0.7987499833106995, 0.84375, 0.8424999713897705, 0.8399999737739563, 0.7987499833106995], "iteration": [10000, 20000, 30000, 40000, 50000, 60000, 70000, 80000, 90000, 100000, 110000, 120000, 130000, 140000, 150000, 160000, 170000, 180000, 190000, 200000, 210000, 220000, 230000, 240000, 250000, 260000, 270000, 280000, 290000, 300000]}}