{"args": {"seed": 2, "name": "2_lambda40_gamma40", "cuda": true, "max_iter": 300000.0, "batch_size": 64, "z_dim": 32, "gamma": 40.0, "lr_VAE": 0.0001, "beta1_VAE": 0.9, "beta2_VAE": 0.999, "lr_D": 0.0001, "beta1_D": 0.5, "beta2_D": 0.9, "ad_loss": true, "target_layer": "0", "lamb": 40.0, "L": 100, "vote_count": 800, "dis_score": true, "dis_batch_size": 2048, "dset_dir": "data", "dataset": "dsprites", "image_size": 64, "num_workers": 2, "print_iter": 10000, "ckpt_dir": "checkpoints", "ckpt_load": null, "ckpt_save_iter": 300000, "vars_dir": "vars", "vars_save": true}, "outputs": {"vae_recon_loss": [127.60553741455078, 104.4025650024414, 85.07687377929688, 80.01972961425781, 87.2759017944336, 90.88374328613281, 74.71395874023438, 78.00967407226562, 74.26802062988281, 83.53926086425781, 60.976112365722656, 62.394508361816406, 46.70353317260742, 46.45347595214844, 39.97792434692383, 40.94891357421875, 40.7586669921875, 36.31982421875, 34.7639274597168, 39.71261215209961, 31.337909698486328, 33.16942596435547, 31.334980010986328, 34.52398681640625, 33.66565704345703, 32.37546157836914, 32.44758987426758, 28.275760650634766, 29.702537536621094, 27.11831283569336], "vae_kld": [49.936241149902344, 11.533976554870605, 13.344712257385254, 12.900997161865234, 13.03031063079834, 12.953938484191895, 13.198787689208984, 13.01921272277832, 13.310297966003418, 13.62669849395752, 22.7533016204834, 16.275739669799805, 16.90672492980957, 16.999835968017578, 17.209880828857422, 17.345796585083008, 18.533950805664062, 17.965576171875, 18.04404640197754, 17.89405059814453, 18.17768669128418, 18.54903793334961, 17.870237350463867, 19.062137603759766, 18.147920608520508, 18.57964324951172, 18.002281188964844, 18.41343879699707, 19.60777473449707, 19.38458251953125], "vae_tc_loss": [0.3159034848213196, 0.10857411473989487, -0.007713823113590479, 0.08953031152486801, 0.025953687727451324, -0.0007811933755874634, 0.008604899980127811, -0.028602473437786102, -0.003356683999300003, 0.08753631263971329, -0.03787878900766373, -0.000498281791806221, -0.15943366289138794, 0.05045813322067261, 0.06299695372581482, 0.03394418954849243, 0.11200924217700958, 0.02489844709634781, 0.0808875560760498, 0.05947371944785118, 0.12451773881912231, 0.03792543336749077, 0.04913625121116638, -0.06330090016126633, 0.010571926832199097, 0.05940401554107666, -0.019445890560746193, 0.11035211384296417, 0.13250280916690826, 0.12544530630111694], "D_tc_loss": [0.6489189863204956, 0.6818321347236633, 0.6914786696434021, 0.6815927624702454, 0.689323902130127, 0.6905697584152222, 0.6955830454826355, 0.6820036172866821, 0.6885621547698975, 0.6876981854438782, 0.6879920363426208, 0.6969887018203735, 0.7406755089759827, 0.6892669200897217, 0.6569883823394775, 0.6948376893997192, 0.6694429516792297, 0.6724814176559448, 0.697702169418335, 0.6594562530517578, 0.6757947206497192, 0.6626474857330322, 0.6610111594200134, 0.6989791989326477, 0.7001664638519287, 0.6611825227737427, 0.7100726366043091, 0.66028892993927, 0.6597210764884949, 0.6452939510345459], "ad_loss": [0.0004611304320860654, 0.003036395413801074, 0.006705481093376875, 0.0005383813404478133, 0.0038458602502942085, 0.0016623410629108548, 0.004823340103030205, 0.005924398545175791, 0.001737936050631106, 0.012191234156489372, 0.0017851290758699179, 7.879299664637074e-05, 0.00758808758109808, 0.0008673645788803697, 0.004227861296385527, 0.004236313980072737, 0.0003705622220877558, 0.0012617387110367417, 0.005271420814096928, 0.004620907828211784, 0.002782472176477313, 0.0013290636707097292, 0.007613565307110548, 0.015625, 0.0017554680816829205, 3.179279519827105e-05, 4.3648891733027995e-05, 0.009391332045197487, 0.002127019688487053, 0.00629853829741478], "dis_score": [0.6637499928474426, 0.7162500023841858, 0.768750011920929, 0.762499988079071, 0.7574999928474426, 0.7825000286102295, 0.7912499904632568, 0.7774999737739563, 0.7799999713897705, 0.7362499833106995, 0.8137500286102295, 0.8025000095367432, 0.8287500143051147, 0.8224999904632568, 0.8512499928474426, 0.8237500190734863, 0.8324999809265137, 0.8462499976158142, 0.824999988079071, 0.8337500095367432, 0.875, 0.8637499809265137, 0.8450000286102295, 0.8137500286102295, 0.8700000047683716, 0.8125, 0.8712499737739563, 0.8475000262260437, 0.8324999809265137, 0.8587499856948853], "iteration": [10000, 20000, 30000, 40000, 50000, 60000, 70000, 80000, 90000, 100000, 110000, 120000, 130000, 140000, 150000, 160000, 170000, 180000, 190000, 200000, 210000, 220000, 230000, 240000, 250000, 260000, 270000, 280000, 290000, 300000]}}