{"args": {"seed": 1, "name": "2_lambda40_gamma40", "cuda": true, "max_iter": 300000.0, "batch_size": 64, "z_dim": 32, "gamma": 40.0, "lr_VAE": 0.0001, "beta1_VAE": 0.9, "beta2_VAE": 0.999, "lr_D": 0.0001, "beta1_D": 0.5, "beta2_D": 0.9, "ad_loss": true, "target_layer": "0", "lamb": 40.0, "L": 100, "vote_count": 800, "dis_score": true, "dis_batch_size": 2048, "dset_dir": "data", "dataset": "dsprites", "image_size": 64, "num_workers": 2, "print_iter": 10000, "ckpt_dir": "checkpoints", "ckpt_load": null, "ckpt_save_iter": 300002, "vars_dir": "vars", "vars_save": true}, "outputs": {"vae_recon_loss": [114.73759460449219, 85.87867736816406, 80.48577880859375, 61.27323913574219, 69.98368072509766, 59.73737716674805, 51.11669921875, 49.02220153808594, 54.94123077392578, 50.074031829833984, 46.03842544555664, 47.05854034423828, 45.034706115722656, 41.964332580566406, 45.30375671386719, 42.15308380126953, 42.69091796875, 45.09528350830078, 40.536781311035156, 42.09882354736328, 39.65594482421875, 38.79875946044922, 40.79949188232422, 42.844215393066406, 46.128665924072266, 39.86687469482422, 40.21946334838867, 35.07298278808594, 41.54597473144531, 34.358001708984375], "vae_kld": [20.18439292907715, 15.53764533996582, 15.892593383789062, 16.84270477294922, 16.08650779724121, 17.701702117919922, 16.512786865234375, 16.755664825439453, 16.42300796508789, 17.5435791015625, 17.394315719604492, 17.636592864990234, 18.20301055908203, 18.255069732666016, 17.479419708251953, 17.676349639892578, 18.354772567749023, 18.50653648376465, 17.935821533203125, 18.277814865112305, 18.257747650146484, 18.66275405883789, 18.589675903320312, 17.820301055908203, 18.232711791992188, 18.46478271484375, 18.881114959716797, 18.71955680847168, 19.158180236816406, 18.751293182373047], "vae_tc_loss": [0.05403873324394226, 0.031382620334625244, 0.01093057356774807, 0.13236072659492493, 0.11012602597475052, 0.12943574786186218, 0.2407863438129425, 0.11688989400863647, 0.09732456505298615, 0.21967880427837372, 0.09442756325006485, 0.1917358785867691, 0.2173244208097458, 0.06520771980285645, 0.16217713057994843, 0.05026182532310486, 0.22345370054244995, 0.10640283674001694, 0.2129654586315155, 0.05742238461971283, 0.1360027939081192, 0.041808273643255234, 0.15843412280082703, 0.24621663987636566, 0.12547847628593445, -0.12589587271213531, 0.06055472791194916, 0.1349632292985916, 0.07273344695568085, 0.35230040550231934], "D_tc_loss": [0.7228893041610718, 0.665597677230835, 0.6878979802131653, 0.6538813710212708, 0.6780439615249634, 0.7097523212432861, 0.6398950815200806, 0.6630953550338745, 0.6908060312271118, 0.6635892391204834, 0.6872476935386658, 0.6544325351715088, 0.6418631076812744, 0.6920400857925415, 0.6655876636505127, 0.6955627202987671, 0.7049897909164429, 0.661938488483429, 0.6450275182723999, 0.6743184328079224, 0.6545801162719727, 0.660355806350708, 0.6475458145141602, 0.6952625513076782, 0.6691315174102783, 0.6897119879722595, 0.6658347249031067, 0.6674088835716248, 0.7147318124771118, 0.6398649215698242], "ad_loss": [0.0017715415451675653, 0.004708631429821253, 0.003837015712633729, 0.0020398064516484737, 0.0017146609025076032, 0.002155096735805273, 0.0013005845248699188, 0.004612848628312349, 0.008989089168608189, 0.0032999259419739246, 0.005694625899195671, 0.009073787368834019, 0.0035484922118484974, 0.00030366709688678384, 0.015625, 0.006070381496101618, 0.0020731985569000244, 0.00114517065230757, 0.007060724776238203, 0.0011043326230719686, 0.004102851264178753, 0.007835431024432182, 0.004805431235581636, 0.01009452249854803, 0.001682074274867773, 0.00013950742140877992, 0.0026047539431601763, 0.004469458479434252, 0.0028201243840157986, 0.006766736973077059], "dis_score": [0.6787499785423279, 0.7787500023841858, 0.78125, 0.8149999976158142, 0.8374999761581421, 0.8149999976158142, 0.8450000286102295, 0.8424999713897705, 0.8237500190734863, 0.8237500190734863, 0.8287500143051147, 0.8362500071525574, 0.8387500047683716, 0.8299999833106995, 0.8349999785423279, 0.8600000143051147, 0.8512499928474426, 0.8587499856948853, 0.8512499928474426, 0.8324999809265137, 0.831250011920929, 0.8462499976158142, 0.8537499904632568, 0.8412500023841858, 0.8450000286102295, 0.831250011920929, 0.8374999761581421, 0.824999988079071, 0.8525000214576721, 0.8550000190734863], "iteration": [10000, 20000, 30000, 40000, 50000, 60000, 70000, 80000, 90000, 100000, 110000, 120000, 130000, 140000, 150000, 160000, 170000, 180000, 190000, 200000, 210000, 220000, 230000, 240000, 250000, 260000, 270000, 280000, 290000, 300000]}}