{"args": {"seed": 1, "name": "2_lambda80_gamma40", "cuda": true, "max_iter": 300000.0, "batch_size": 64, "z_dim": 32, "gamma": 40.0, "lr_VAE": 0.0001, "beta1_VAE": 0.9, "beta2_VAE": 0.999, "lr_D": 0.0001, "beta1_D": 0.5, "beta2_D": 0.9, "ad_loss": true, "target_layer": "0", "lamb": 80.0, "L": 100, "vote_count": 800, "dis_score": true, "dis_batch_size": 2048, "dset_dir": "data", "dataset": "dsprites", "image_size": 64, "num_workers": 2, "print_iter": 10000, "ckpt_dir": "checkpoints", "ckpt_load": null, "ckpt_save_iter": 300002, "vars_dir": "vars", "vars_save": true}, "outputs": {"vae_recon_loss": [119.16607666015625, 100.04876708984375, 85.00068664550781, 66.75382995605469, 74.28504943847656, 63.493438720703125, 47.64655303955078, 44.48502731323242, 48.51759338378906, 44.946067810058594, 40.74968719482422, 43.06731414794922, 38.022796630859375, 34.891212463378906, 39.24261474609375, 31.748882293701172, 40.40838623046875, 40.703041076660156, 36.45295333862305, 35.8048095703125, 32.04803466796875, 32.98836898803711, 34.992645263671875, 34.24882888793945, 38.19429397583008, 28.936023712158203, 29.413755416870117, 28.103389739990234, 31.752002716064453, 26.226078033447266], "vae_kld": [21.536296844482422, 13.073006629943848, 20.875, 15.630742073059082, 14.805774688720703, 17.425334930419922, 17.664268493652344, 17.10125732421875, 17.250511169433594, 17.103740692138672, 17.02168846130371, 18.39946174621582, 18.866661071777344, 19.175918579101562, 17.728546142578125, 18.3046875, 19.34902572631836, 19.11957359313965, 17.767902374267578, 18.17933464050293, 18.737136840820312, 18.533172607421875, 19.575775146484375, 18.064006805419922, 18.373350143432617, 18.680633544921875, 18.561073303222656, 18.759037017822266, 20.08660316467285, 19.16358184814453], "vae_tc_loss": [0.12678763270378113, 0.017277037724852562, 0.02136038988828659, 0.10040168464183807, 0.1160288080573082, 0.11052994430065155, 0.09038075059652328, 0.08561696112155914, 0.184162899851799, 0.12512247264385223, 0.07456693053245544, 0.1416786015033722, 0.14253205060958862, 0.1470387578010559, -0.018322277814149857, -0.059694353491067886, 0.13570961356163025, -0.010958408936858177, 0.033096469938755035, 0.0042574163526296616, 0.08439792692661285, 0.05169244110584259, 0.09395790845155716, 0.0005182158201932907, -0.009401366114616394, 0.08718625456094742, -0.08270213007926941, 0.19667606055736542, 0.07511581480503082, 0.1980283558368683], "D_tc_loss": [0.6767475605010986, 0.6962834596633911, 0.7032331228256226, 0.6844469904899597, 0.6908507347106934, 0.6767841577529907, 0.666296124458313, 0.6892008781433105, 0.6723699569702148, 0.6462453603744507, 0.6671465635299683, 0.6673231720924377, 0.6747199296951294, 0.65803062915802, 0.669411301612854, 0.6714063286781311, 0.714455783367157, 0.6938959956169128, 0.6690467596054077, 0.7033627033233643, 0.6532679796218872, 0.6447001695632935, 0.6998071670532227, 0.6824148893356323, 0.7065972685813904, 0.6627289056777954, 0.685997724533081, 0.6633607149124146, 0.6787291765213013, 0.6911081075668335], "ad_loss": [0.006651740986853838, 0.001957300351932645, 0.00614466005936265, 0.0016780541045591235, 0.009908473119139671, 0.001958092674612999, 0.013492423109710217, 0.004226619843393564, 0.005232568830251694, 0.0022698035463690758, 0.0038639421109110117, 0.006005776114761829, 0.00404322799295187, 0.0021867796313017607, 0.015625, 0.0036725355312228203, 0.007005877792835236, 0.0034125265665352345, 0.004696940071880817, 0.00011367736442480236, 0.0018832872156053782, 0.002878620522096753, 0.006507498677819967, 0.0033800203818827868, 0.00769023085013032, 0.00025133579038083553, 0.0074027711525559425, 0.0035650194622576237, 0.006953204981982708, 0.007919391617178917], "dis_score": [0.5425000190734863, 0.7237499952316284, 0.7737500071525574, 0.7912499904632568, 0.8100000023841858, 0.8062499761581421, 0.7950000166893005, 0.8050000071525574, 0.8199999928474426, 0.8087499737739563, 0.8125, 0.7950000166893005, 0.8212500214576721, 0.8324999809265137, 0.8100000023841858, 0.831250011920929, 0.8287500143051147, 0.8237500190734863, 0.8037499785423279, 0.8550000190734863, 0.8100000023841858, 0.8199999928474426, 0.8700000047683716, 0.8262500166893005, 0.8037499785423279, 0.8224999904632568, 0.8587499856948853, 0.8062499761581421, 0.8075000047683716, 0.8362500071525574], "iteration": [10000, 20000, 30000, 40000, 50000, 60000, 70000, 80000, 90000, 100000, 110000, 120000, 130000, 140000, 150000, 160000, 170000, 180000, 190000, 200000, 210000, 220000, 230000, 240000, 250000, 260000, 270000, 280000, 290000, 300000]}}