{"args": {"seed": 0, "name": "2_lambda1_gamma40", "cuda": true, "max_iter": 300000.0, "batch_size": 64, "z_dim": 32, "gamma": 40.0, "lr_VAE": 0.0001, "beta1_VAE": 0.9, "beta2_VAE": 0.999, "lr_D": 0.0001, "beta1_D": 0.5, "beta2_D": 0.9, "ad_loss": true, "target_layer": "0", "lamb": 1, "L": 100, "vote_count": 800, "dis_score": true, "dset_dir": "data", "dataset": "dsprites", "image_size": 64, "num_workers": 2, "viz_on": false, "viz_port": 8097, "viz_ll_iter": 1000, "viz_la_iter": 5000, "viz_ra_iter": 10000, "viz_ta_iter": 10000, "print_iter": 10000, "ckpt_dir": "checkpoints", "ckpt_load": null, "ckpt_save_iter": 300002, "output_dir": "outputs", "output_save": true, "vars_dir": "vars", "vars_save": true}, "outputs": {"vae_recon_loss": [110.0478286743164, 91.02764892578125, 90.07889556884766, 64.69810485839844, 61.157840728759766, 53.059173583984375, 52.915748596191406, 48.09850311279297, 45.08800506591797, 51.35779571533203, 46.15275192260742, 45.71888732910156, 43.119407653808594, 45.00133514404297, 39.65370559692383, 44.19491958618164, 38.30287170410156, 42.05144500732422, 43.298301696777344, 46.46900939941406, 37.113502502441406, 40.16704559326172, 47.64643478393555, 42.54642868041992, 41.446678161621094, 43.67778778076172, 34.936649322509766, 35.98396682739258, 41.49095916748047, 35.72650909423828], "vae_kld": [23.840248107910156, 13.539438247680664, 15.236940383911133, 15.961824417114258, 16.21335792541504, 16.425556182861328, 17.077375411987305, 16.772220611572266, 17.20005226135254, 17.55591583251953, 16.799034118652344, 18.02351951599121, 17.480724334716797, 17.04526138305664, 17.58725929260254, 17.60110092163086, 17.279159545898438, 18.730844497680664, 18.118555068969727, 17.982234954833984, 17.711345672607422, 18.685941696166992, 17.697311401367188, 17.866004943847656, 17.857877731323242, 17.904861450195312, 18.1431884765625, 18.74089813232422, 18.807851791381836, 18.304397583007812], "vae_tc_loss": [0.033918172121047974, -0.024525709450244904, 0.1153617575764656, -0.010847825556993484, 0.13167564570903778, 0.086786650121212, 0.22244076430797577, 0.056740567088127136, 0.16613487899303436, 0.026768410578370094, 0.08372373878955841, 0.08602234721183777, 0.09679893404245377, 0.11187821626663208, 0.06217831000685692, 0.18895572423934937, 0.12077515572309494, 0.2616944909095764, 0.11034613847732544, 0.1159127876162529, 0.08269847929477692, 0.07525418698787689, 0.26637858152389526, 0.11504777520895004, 0.09618337452411652, 0.2425093650817871, 0.18609943985939026, 0.1500360667705536, 0.12100085616111755, 0.12302566319704056], "D_tc_loss": [0.6784887313842773, 0.6798887252807617, 0.6602004766464233, 0.6868331432342529, 0.6655812859535217, 0.6480273604393005, 0.6504058837890625, 0.6434551477432251, 0.6742702722549438, 0.6951252222061157, 0.6825383305549622, 0.6658949255943298, 0.6697045564651489, 0.6967013478279114, 0.6707965731620789, 0.6817042231559753, 0.6910503506660461, 0.6353533267974854, 0.6847200393676758, 0.6632909774780273, 0.6602360010147095, 0.6740977764129639, 0.6744624376296997, 0.6775901913642883, 0.6733737587928772, 0.6746702194213867, 0.6600522994995117, 0.6653646230697632, 0.6439617872238159, 0.6847341060638428], "ad_loss": [0.004178270697593689, 0.005292514804750681, 0.002893658820539713, 0.004958633799105883, 0.0016882678028196096, 0.004515042062848806, 0.003159131156280637, 0.0055185663513839245, 0.006021149456501007, 0.008463847450911999, 0.005089216865599155, 0.00518847955390811, 0.007225004490464926, 0.007360528688877821, 0.0017940899124369025, 0.0012618036707863212, 0.0074536423198878765, 0.0016936344327405095, 0.015624997206032276, 0.01082076970487833, 0.0022003597114235163, 0.009165095165371895, 0.007997947745025158, 0.0020606752950698137, 0.0079666031524539, 0.00627941032871604, 0.0016833157278597355, 0.0050704386085271835, 0.004471583291888237, 0.0001851689157774672], "dis_score": [0.6987500190734863, 0.8112499713897705, 0.8100000023841858, 0.7987499833106995, 0.7950000166893005, 0.7699999809265137, 0.7787500023841858, 0.7887499928474426, 0.8062499761581421, 0.8237500190734863, 0.8199999928474426, 0.8087499737739563, 0.8324999809265137, 0.8287500143051147, 0.824999988079071, 0.7950000166893005, 0.8262500166893005, 0.84375, 0.8012499809265137, 0.8125, 0.8112499713897705, 0.8187500238418579, 0.8025000095367432, 0.7962499856948853, 0.8475000262260437, 0.8062499761581421, 0.8274999856948853, 0.8162500262260437, 0.8199999928474426, 0.8174999952316284], "iteration": [10000, 20000, 30000, 40000, 50000, 60000, 70000, 80000, 90000, 100000, 110000, 120000, 130000, 140000, 150000, 160000, 170000, 180000, 190000, 200000, 210000, 220000, 230000, 240000, 250000, 260000, 270000, 280000, 290000, 300000]}}