{"args": {"seed": 2, "name": "2_lambda20_gamma40", "cuda": true, "max_iter": 300000.0, "batch_size": 64, "z_dim": 32, "gamma": 40.0, "lr_VAE": 0.0001, "beta1_VAE": 0.9, "beta2_VAE": 0.999, "lr_D": 0.0001, "beta1_D": 0.5, "beta2_D": 0.9, "ad_loss": true, "target_layer": "0", "lamb": 20.0, "L": 100, "vote_count": 800, "dis_score": true, "dset_dir": "data", "dataset": "dsprites", "image_size": 64, "num_workers": 2, "viz_on": false, "viz_port": 8097, "viz_ll_iter": 1000, "viz_la_iter": 5000, "viz_ra_iter": 10000, "viz_ta_iter": 10000, "print_iter": 10000, "ckpt_dir": "checkpoints", "ckpt_load": null, "ckpt_save_iter": 300000, "output_dir": "outputs", "output_save": true, "vars_dir": "vars", "vars_save": true}, "outputs": {"vae_recon_loss": [108.82102966308594, 102.39814758300781, 87.74348449707031, 80.36537170410156, 88.50611877441406, 92.0953140258789, 74.87581634521484, 80.22659301757812, 77.67316436767578, 83.55795288085938, 63.67346954345703, 78.87789916992188, 71.57617950439453, 76.06033325195312, 71.26014709472656, 64.52647399902344, 59.16895294189453, 49.83283996582031, 49.829864501953125, 54.05166244506836, 43.37310028076172, 38.01287841796875, 39.518280029296875, 38.46968078613281, 36.89509582519531, 35.52461624145508, 39.94465255737305, 30.29056167602539, 31.695798873901367, 34.3332633972168], "vae_kld": [20.136051177978516, 10.802695274353027, 20.00678062438965, 13.315816879272461, 13.14190673828125, 12.884317398071289, 13.004194259643555, 13.00769329071045, 13.342212677001953, 13.410194396972656, 13.615439414978027, 13.545103073120117, 13.567323684692383, 13.709211349487305, 19.895719528198242, 19.20054817199707, 17.233196258544922, 16.153589248657227, 16.48212432861328, 16.653160095214844, 17.163372039794922, 17.67066192626953, 17.677650451660156, 18.206457138061523, 18.001134872436523, 17.922719955444336, 17.77729034423828, 18.47194480895996, 19.421306610107422, 18.833784103393555], "vae_tc_loss": [0.07898977398872375, 0.02429039590060711, 0.03178143501281738, -0.022662851959466934, 0.02740260399878025, 0.016976023092865944, 0.008409256115555763, -0.024899717420339584, -0.02657254785299301, 0.037957172840833664, -0.001962471753358841, -0.00878100749105215, -0.08079241961240768, -0.013757651671767235, -0.01993284374475479, -0.026206213980913162, 0.03480059653520584, 0.007409555837512016, 0.04883371666073799, 0.06649626046419144, 0.08499102294445038, 0.1025860458612442, -0.03426000103354454, 0.1616920530796051, 0.023576974868774414, 0.024934785440564156, 0.10711207985877991, 0.02761881612241268, 0.04665713012218475, 0.03129931911826134], "D_tc_loss": [0.6689935922622681, 0.6944887638092041, 0.6905043125152588, 0.6934698224067688, 0.690838634967804, 0.6772539615631104, 0.6938468217849731, 0.6923606991767883, 0.687148928642273, 0.6917083263397217, 0.6964174509048462, 0.6953635811805725, 0.6947851181030273, 0.6916875839233398, 0.6871187686920166, 0.7011473178863525, 0.7036105394363403, 0.7060333490371704, 0.6707265377044678, 0.6937253475189209, 0.6533198952674866, 0.6829733848571777, 0.6621005535125732, 0.6721757054328918, 0.6844901442527771, 0.6615580320358276, 0.675721287727356, 0.6474804878234863, 0.6649216413497925, 0.6869907379150391], "ad_loss": [0.002173171378672123, 0.005052682012319565, 0.009888351894915104, 0.004757404793053865, 0.0019980662036687136, 0.002404640894383192, 0.011372490786015987, 0.006124763749539852, 0.007327771279960871, 0.01079844031482935, 0.0004469767736736685, 0.0037681402172893286, 0.007113602943718433, 0.010982168838381767, 0.0012268753489479423, 0.005682826973497868, 0.008180162869393826, 0.0012668682029470801, 0.007200296502560377, 0.0063145458698272705, 0.0040323263965547085, 0.0020362345967441797, 0.0004024729714728892, 0.015625, 0.0009114506538026035, 0.002219787333160639, 0.0024002515710890293, 0.003483721986413002, 0.0016882481286302209, 0.002404704922810197], "dis_score": [0.6812499761581421, 0.7124999761581421, 0.7674999833106995, 0.7887499928474426, 0.7724999785423279, 0.8025000095367432, 0.7975000143051147, 0.7887499928474426, 0.7787500023841858, 0.8012499809265137, 0.8125, 0.8287500143051147, 0.8349999785423279, 0.7912499904632568, 0.8212500214576721, 0.8012499809265137, 0.8137500286102295, 0.8299999833106995, 0.8299999833106995, 0.8187500238418579, 0.8862500190734863, 0.8324999809265137, 0.8374999761581421, 0.8637499809265137, 0.8274999856948853, 0.8062499761581421, 0.8725000023841858, 0.8349999785423279, 0.8475000262260437, 0.8712499737739563], "iteration": [10000, 20000, 30000, 40000, 50000, 60000, 70000, 80000, 90000, 100000, 110000, 120000, 130000, 140000, 150000, 160000, 170000, 180000, 190000, 200000, 210000, 220000, 230000, 240000, 250000, 260000, 270000, 280000, 290000, 300000]}}