{"args": {"seed": 1, "name": "2_lambda20_gamma40", "cuda": true, "max_iter": 300000.0, "batch_size": 64, "z_dim": 32, "gamma": 40.0, "lr_VAE": 0.0001, "beta1_VAE": 0.9, "beta2_VAE": 0.999, "lr_D": 0.0001, "beta1_D": 0.5, "beta2_D": 0.9, "ad_loss": true, "target_layer": "0", "lamb": 20.0, "L": 100, "vote_count": 800, "dis_score": true, "dset_dir": "data", "dataset": "dsprites", "image_size": 64, "num_workers": 2, "viz_on": false, "viz_port": 8097, "viz_ll_iter": 1000, "viz_la_iter": 5000, "viz_ra_iter": 10000, "viz_ta_iter": 10000, "print_iter": 10000, "ckpt_dir": "checkpoints", "ckpt_load": null, "ckpt_save_iter": 300002, "output_dir": "outputs", "output_save": true, "vars_dir": "vars", "vars_save": true}, "outputs": {"vae_recon_loss": [123.96328735351562, 104.12687683105469, 88.54369354248047, 60.53337860107422, 63.9401969909668, 55.393348693847656, 46.90226364135742, 41.73811340332031, 47.41554260253906, 45.457008361816406, 41.31340026855469, 40.70570373535156, 39.24941635131836, 35.34574890136719, 38.636009216308594, 32.042110443115234, 38.295806884765625, 40.60462188720703, 35.797950744628906, 36.521183013916016, 31.664264678955078, 31.565780639648438, 30.932720184326172, 36.57441711425781, 35.37055206298828, 31.234546661376953, 30.926013946533203, 26.02324104309082, 29.94509506225586, 24.50821304321289], "vae_kld": [30.115793228149414, 15.546712875366211, 17.216289520263672, 15.627020835876465, 15.299957275390625, 17.288423538208008, 17.219085693359375, 16.873004913330078, 17.39616584777832, 18.514141082763672, 17.465190887451172, 17.876596450805664, 18.01044273376465, 18.803977966308594, 18.187652587890625, 17.89141845703125, 17.96739959716797, 18.479677200317383, 17.291858673095703, 18.126859664916992, 18.329313278198242, 18.22473907470703, 18.476776123046875, 19.213735580444336, 18.94568634033203, 18.824064254760742, 20.718360900878906, 19.471111297607422, 19.528532028198242, 19.770736694335938], "vae_tc_loss": [-0.043046094477176666, 0.0555969700217247, 0.06006254255771637, 0.05955517664551735, 0.1541561633348465, 0.15914881229400635, 0.029625942930579185, -0.007048860192298889, 0.14706243574619293, 0.28234606981277466, 0.05498204380273819, 0.16322997212409973, 0.0805220678448677, 0.16214296221733093, 0.0023062769323587418, -0.0003759833052754402, 0.151387557387352, -0.003906417638063431, 0.03965819627046585, 0.32247915863990784, 0.1339905858039856, -0.08094139397144318, 0.03577171266078949, 0.008079227060079575, 0.10369718074798584, 0.13060933351516724, 0.019299840554594994, 0.1009145975112915, 0.06498393416404724, 0.1073588877916336], "D_tc_loss": [0.7011476755142212, 0.6939084529876709, 0.6816481947898865, 0.7014962434768677, 0.6791113615036011, 0.6703864336013794, 0.6966308355331421, 0.6757866144180298, 0.6691925525665283, 0.6767549514770508, 0.687126636505127, 0.6623501777648926, 0.640965461730957, 0.6833142042160034, 0.6757564544677734, 0.6816874146461487, 0.6772751212120056, 0.7038276195526123, 0.686581015586853, 0.6931139230728149, 0.6746063828468323, 0.6801260709762573, 0.665088415145874, 0.7124506235122681, 0.7046746015548706, 0.6662906408309937, 0.6713013052940369, 0.6740408539772034, 0.6680890917778015, 0.6618078947067261], "ad_loss": [0.007675995118916035, 0.008531699888408184, 0.0061304569244384766, 0.006950880400836468, 0.00022733473451808095, 0.004929795395582914, 0.004334260243922472, 0.006461594719439745, 0.005438133608549833, 0.0018770878668874502, 0.00033214036375284195, 0.00908004678785801, 0.00749048450961709, 0.004701266065239906, 0.015625, 0.007255449891090393, 0.005096926353871822, 0.00531498109921813, 0.006849140394479036, 0.006527600344270468, 0.0008079814142547548, 0.004544144496321678, 0.005916116759181023, 0.0003520929894875735, 0.004944394342601299, 0.00871211290359497, 0.002911175135523081, 0.005521923769265413, 0.005887014325708151, 0.0021534848492592573], "dis_score": [0.5375000238418579, 0.6850000023841858, 0.7925000190734863, 0.7862499952316284, 0.8162500262260437, 0.8162500262260437, 0.8162500262260437, 0.8075000047683716, 0.8237500190734863, 0.8362500071525574, 0.8512499928474426, 0.8162500262260437, 0.7950000166893005, 0.8237500190734863, 0.8224999904632568, 0.8374999761581421, 0.7987499833106995, 0.8174999952316284, 0.8112499713897705, 0.8387500047683716, 0.831250011920929, 0.8424999713897705, 0.8262500166893005, 0.8125, 0.8387500047683716, 0.800000011920929, 0.8424999713897705, 0.8199999928474426, 0.8462499976158142, 0.824999988079071], "iteration": [10000, 20000, 30000, 40000, 50000, 60000, 70000, 80000, 90000, 100000, 110000, 120000, 130000, 140000, 150000, 160000, 170000, 180000, 190000, 200000, 210000, 220000, 230000, 240000, 250000, 260000, 270000, 280000, 290000, 300000]}}